,Date,Temperature
525,1982-06-10,15.9
978,1983-09-06,18.7
420,1982-02-25,20.8
2484,1987-10-22,16.8
2018,1986-07-13,12.7
329,1981-11-26,26.8
2593,1988-02-08,19.2
828,1983-04-09,21.4
2650,1988-04-05,19.5
2669,1988-04-24,24.3
2582,1988-01-28,37.5
2727,1988-06-21,14.6
806,1983-03-18,30.9
226,1981-08-15,15.5
1160,1984-03-06,20.8
2025,1986-07-20,13.8
3248,1989-11-25,24.7
1399,1984-10-31,26.8
1885,1986-03-02,20.4
1520,1985-03-02,21.0
2883,1988-11-24,18.3
3509,1990-08-13,16.4
1457,1984-12-28,28.1
957,1983-08-16,19.2
94,1981-04-05,28.4
2578,1988-01-24,19.7
2738,1988-07-02,12.3
882,1983-06-02,15.0
693,1982-11-25,17.6
994,1983-09-22,20.3
2781,1988-08-14,18.3
1278,1984-07-02,7.0
2501,1987-11-08,27.8
3628,1990-12-10,18.6
618,1982-09-11,13.1
3033,1989-04-24,22.0
2583,1988-01-29,39.2
3562,1990-10-05,24.0
188,1981-07-08,13.0
842,1983-04-23,19.8
589,1982-08-13,14.1
290,1981-10-18,21.7
1978,1986-06-03,16.7
1661,1985-07-21,15.5
3268,1989-12-15,18.0
3512,1990-08-16,13.5
942,1983-08-01,12.7
3105,1989-07-05,12.3
668,1982-10-31,14.6
2837,1988-10-09,17.7
681,1982-11-13,31.2
84,1981-03-26,20.4
802,1983-03-14,21.0
1645,1985-07-05,14.3
1102,1984-01-08,23.0
1762,1985-10-30,19.4
3043,1989-05-04,17.2
3058,1989-05-19,15.9
1633,1985-06-23,13.0
141,1981-05-22,13.6
2226,1987-02-06,30.6
1021,1983-10-19,15.1
1388,1984-10-20,15.0
3144,1989-08-13,13.4
3619,1990-12-01,22.2
1543,1985-03-25,23.2
2708,1988-06-02,20.3
1647,1985-07-07,12.3
545,1982-06-30,14.0
1946,1986-05-02,17.3
2896,1988-12-07,23.0
99,1981-04-10,18.3
284,1981-10-12,19.8
1993,1986-06-18,12.1
95,1981-04-06,20.7
790,1983-03-02,28.7
1914,1986-03-31,18.3
988,1983-09-16,19.6
1475,1985-01-16,20.0
3046,1989-05-07,18.0
651,1982-10-14,15.0
1733,1985-10-01,21.8
2165,1986-12-07,22.8
273,1981-10-01,21.4
567,1982-07-22,14.2
363,1981-12-30,27.0
1960,1986-05-16,18.0
2975,1989-02-25,21.1
1497,1985-02-07,19.1
3305,1990-01-21,21.8
1522,1985-03-04,17.7
1786,1985-11-23,26.2
1305,1984-07-29,14.0
3010,1989-04-01,21.9
340,1981-12-07,21.1
1206,1984-04-21,19.6
2491,1987-10-29,19.0
518,1982-06-03,11.9
443,1982-03-20,30.2
2689,1988-05-14,16.4
238,1981-08-27,13.1
373,1982-01-09,24.4
1692,1985-08-21,15.4
2535,1987-12-12,22.6
1612,1985-06-02,13.0
434,1982-03-11,22.4
1156,1984-03-02,19.5
3603,1990-11-15,21.0
10,1981-01-11,20.4
1689,1985-08-18,13.5
2594,1988-02-09,22.0
816,1983-03-28,18.6
200,1981-07-20,15.7
3329,1990-02-14,27.4
3020,1989-04-11,23.0
3119,1989-07-19,11.4
1892,1986-03-09,18.4
281,1981-10-09,26.9
1087,1983-12-24,31.7
3280,1989-12-27,18.0
1020,1983-10-18,18.9
1433,1984-12-04,16.8
655,1982-10-18,22.0
1962,1986-05-18,16.2
3179,1989-09-17,15.4
2930,1989-01-11,17.9
1545,1985-03-27,27.2
2653,1988-04-08,18.5
3516,1990-08-20,16.0
2441,1987-09-09,14.0
1535,1985-03-17,19.4
362,1981-12-29,22.2
192,1981-07-12,10.5
3186,1989-09-24,20.0
976,1983-09-04,15.3
2185,1986-12-27,20.7
3047,1989-05-08,18.9
2030,1986-07-25,8.2
1804,1985-12-11,21.1
1174,1984-03-20,23.6
1840,1986-01-16,19.1
147,1981-05-28,16.4
642,1982-10-05,15.9
637,1982-09-30,13.3
2517,1987-11-24,17.4
836,1983-04-17,16.4
1677,1985-08-06,15.0
116,1981-04-27,22.6
2713,1988-06-07,13.6
1419,1984-11-20,22.8
1247,1984-06-01,17.1
1588,1985-05-09,18.3
422,1982-02-27,20.1
3123,1989-07-23,11.4
1184,1984-03-30,17.4
2144,1986-11-16,22.6
3269,1989-12-16,20.0
1963,1986-05-19,16.0
2874,1988-11-15,16.2
1772,1985-11-09,21.9
60,1981-03-02,27.0
1266,1984-06-20,14.2
726,1982-12-28,23.8
745,1983-01-16,22.1
3420,1990-05-16,19.3
159,1981-06-09,15.4
937,1983-07-27,13.7
49,1981-02-19,21.3
891,1983-06-11,14.5
670,1982-11-02,20.4
3325,1990-02-10,20.2
466,1982-04-12,26.5
201,1981-07-21,17.7
3525,1990-08-29,14.7
1294,1984-07-18,11.0
1459,1984-12-30,25.6
162,1981-06-12,15.3
2218,1987-01-29,22.5
2447,1987-09-15,15.1
2054,1986-08-18,13.0
1981,1986-06-06,14.0
1480,1985-01-21,22.8
658,1982-10-21,14.6
557,1982-07-12,11.9
107,1981-04-18,23.7
3089,1989-06-19,13.8
210,1981-07-30,13.7
267,1981-09-25,15.8
3497,1990-08-01,14.0
1863,1986-02-08,38.3
2200,1987-01-11,27.5
2452,1987-09-20,15.0
3277,1989-12-24,28.0
3540,1990-09-13,11.9
1714,1985-09-12,19.1
1067,1983-12-04,18.9
3149,1989-08-18,18.5
2820,1988-09-22,24.6
1875,1986-02-20,22.4
1168,1984-03-14,19.0
1800,1985-12-07,28.1
2196,1987-01-07,27.0
2462,1987-09-30,14.8
1033,1983-10-31,17.7
724,1982-12-26,28.0
2755,1988-07-19,15.0
2652,1988-04-07,17.3
2315,1987-05-06,16.6
579,1982-08-03,15.5
2364,1987-06-24,14.2
512,1982-05-28,19.5
381,1982-01-17,25.2
958,1983-08-17,14.2
180,1981-06-30,16.3
426,1982-03-03,29.0
1389,1984-10-21,20.8
728,1982-12-30,22.0
2851,1988-10-23,17.0
341,1981-12-08,19.0
1779,1985-11-16,21.8
875,1983-05-26,14.9
2263,1987-03-15,21.6
1737,1985-10-05,19.4
450,1982-03-27,25.2
3410,1990-05-06,18.1
2087,1986-09-20,19.3
2707,1988-06-01,19.4
3367,1990-03-24,32.4
712,1982-12-14,24.0
2571,1988-01-17,20.6
1889,1986-03-06,38.0
1040,1983-11-07,23.5
241,1981-08-30,15.7
2093,1986-09-26,18.7
3414,1990-05-10,19.3
2260,1987-03-12,21.7
2549,1987-12-26,29.2
1309,1984-08-02,17.6
804,1983-03-16,21.8
661,1982-10-24,21.3
475,1982-04-21,20.6
51,1981-02-21,21.7
2147,1986-11-19,15.5
1366,1984-09-28,12.4
3094,1989-06-24,11.2
969,1983-08-28,13.3
1809,1985-12-16,23.1
3344,1990-03-01,25.2
3027,1989-04-18,17.8
1644,1985-07-04,14.4
2765,1988-07-29,14.5
2902,1988-12-13,31.3
744,1983-01-15,19.7
3609,1990-11-21,31.4
787,1983-02-27,24.4
3594,1990-11-06,30.2
2518,1987-11-25,18.2
2796,1988-08-29,18.2
3035,1989-04-26,24.7
2131,1986-11-03,28.8
3237,1989-11-14,19.0
3379,1990-04-05,26.8
881,1983-06-01,15.3
2162,1986-12-04,19.9
3549,1990-09-22,16.2
1736,1985-10-04,26.6
2183,1986-12-25,28.9
1261,1984-06-15,16.4
1657,1985-07-17,12.0
3,1981-01-04,20.7
1331,1984-08-24,14.1
1445,1984-12-16,27.0
1140,1984-02-15,33.9
974,1983-09-02,19.0
504,1982-05-20,15.2
293,1981-10-21,18.2
3023,1989-04-14,18.0
2012,1986-07-07,12.4
1094,1983-12-31,30.0
2595,1988-02-10,27.2
3003,1989-03-25,18.7
615,1982-09-08,17.7
1669,1985-07-29,13.4
133,1981-05-14,21.0
3271,1989-12-18,32.1
1628,1985-06-18,11.9
1750,1985-10-18,16.8
556,1982-07-11,12.9
2776,1988-08-09,13.1
851,1983-05-02,18.7
829,1983-04-10,23.8
1903,1986-03-20,36.7
1792,1985-11-29,19.1
69,1981-03-11,20.6
2673,1988-04-28,25.4
222,1981-08-11,14.6
1627,1985-06-17,13.4
1204,1984-04-19,15.5
199,1981-07-19,18.2
1416,1984-11-17,32.9
1769,1985-11-06,22.8
630,1982-09-23,22.5
3301,1990-01-17,29.5
3045,1989-05-06,19.1
1912,1986-03-29,32.6
1917,1986-04-03,26.8
2838,1988-10-10,23.7
2319,1987-05-10,23.3
676,1982-11-08,26.3
1166,1984-03-12,22.8
2528,1987-12-05,19.6
1285,1984-07-09,15.1
639,1982-10-02,25.6
424,1982-03-01,21.2
691,1982-11-23,36.8
3591,1990-11-03,22.0
2519,1987-11-26,18.4
2322,1987-05-13,17.9
593,1982-08-17,13.7
1085,1983-12-22,23.3
2276,1987-03-28,20.7
1225,1984-05-10,19.6
126,1981-05-07,16.0
1315,1984-08-08,15.1
2092,1986-09-25,19.4
2313,1987-05-04,18.5
2420,1987-08-19,14.0
1529,1985-03-11,33.3
2390,1987-07-20,12.8
3604,1990-11-16,16.8
1764,1985-11-01,22.3
1676,1985-08-05,15.9
1061,1983-11-28,25.6
3050,1989-05-11,19.2
2135,1986-11-07,16.3
1843,1986-01-19,20.3
468,1982-04-14,30.0
3641,1990-12-23,19.8
1381,1984-10-13,18.2
1693,1985-08-22,17.4
1293,1984-07-17,13.2
952,1983-08-11,15.3
581,1982-08-05,16.9
1375,1984-10-07,27.3
1221,1984-05-06,14.7
1773,1985-11-10,30.3
1257,1984-06-11,13.8
2688,1988-05-13,21.4
1974,1986-05-30,15.2
2278,1987-03-30,15.8
872,1983-05-23,16.1
2274,1987-03-26,20.1
2498,1987-11-05,16.8
2982,1989-03-04,34.4
1185,1984-03-31,18.2
2289,1987-04-10,23.0
488,1982-05-04,22.9
727,1982-12-29,31.4
2928,1989-01-09,24.7
1330,1984-08-23,17.0
3601,1990-11-13,32.1
170,1981-06-20,14.8
638,1982-10-01,16.2
2258,1987-03-10,19.0
2732,1988-06-26,17.5
3012,1989-04-03,25.1
2176,1986-12-18,19.6
1491,1985-02-01,19.6
2318,1987-05-09,22.7
2314,1987-05-05,16.5
917,1983-07-07,11.8
1830,1986-01-06,24.7
1556,1985-04-07,24.0
2629,1988-03-15,18.5
388,1982-01-24,43.3
1848,1986-01-24,25.0
717,1982-12-19,19.1
139,1981-05-20,14.1
1983,1986-06-08,14.5
517,1982-06-02,12.4
2182,1986-12-24,18.7
2816,1988-09-18,14.8
1617,1985-06-07,12.7
2301,1987-04-22,15.8
2001,1986-06-26,13.0
1299,1984-07-23,14.5
2663,1988-04-18,25.5
325,1981-11-22,28.8
3390,1990-04-16,17.2
2081,1986-09-14,16.5
2641,1988-03-27,26.5
119,1981-04-30,21.2
163,1981-06-13,16.5
321,1981-11-18,19.9
2954,1989-02-04,24.9
2848,1988-10-20,19.3
92,1981-04-03,30.3
830,1983-04-11,21.7
3196,1989-10-04,22.8
2133,1986-11-05,33.1
2559,1988-01-05,22.2
2474,1987-10-12,14.5
720,1982-12-22,32.5
3626,1990-12-08,21.1
3565,1990-10-08,14.8
2640,1988-03-26,29.0
1548,1985-03-30,22.6
1351,1984-09-13,16.9
2124,1986-10-27,16.1
885,1983-06-05,16.5
4,1981-01-05,21.5
1273,1984-06-27,11.7
1207,1984-04-22,18.5
5,1981-01-06,23.1
2487,1987-10-25,22.1
800,1983-03-12,23.5
382,1982-01-18,32.7
3528,1990-09-01,16.6
2307,1987-04-28,18.5
955,1983-08-14,18.6
2254,1987-03-06,22.7
3634,1990-12-16,23.3
1969,1986-05-25,13.7
1585,1985-05-06,18.8
633,1982-09-26,14.8
103,1981-04-14,18.1
2072,1986-09-05,18.7
2601,1988-02-16,25.3
566,1982-07-21,11.7
17,1981-01-18,38.0
2454,1987-09-22,19.0
3438,1990-06-03,16.3
883,1983-06-03,15.1
1634,1985-06-24,14.1
297,1981-10-25,19.2
910,1983-06-30,14.4
619,1982-09-12,13.7
2186,1986-12-28,21.8
2973,1989-02-23,30.0
3260,1989-12-07,23.9
2508,1987-11-15,19.8
520,1982-06-05,12.9
541,1982-06-26,11.6
3110,1989-07-10,11.5
3621,1990-12-03,24.1
1014,1983-10-12,18.1
3483,1990-07-18,13.9
2709,1988-06-03,19.3
2395,1987-07-25,13.8
3157,1989-08-26,11.3
1619,1985-06-09,12.8
3638,1990-12-20,22.2
2720,1988-06-14,14.9
132,1981-05-13,19.4
1698,1985-08-27,18.8
288,1981-10-16,14.8
2773,1988-08-06,11.9
2921,1989-01-02,30.2
249,1981-09-07,21.5
2613,1988-02-28,21.1
2385,1987-07-15,12.6
3156,1989-08-25,13.8
1557,1985-04-08,22.9
2770,1988-08-03,16.5
3124,1989-07-24,16.0
407,1982-02-12,28.1
1037,1983-11-04,15.5
1989,1986-06-14,13.9
1674,1985-08-03,13.2
1900,1986-03-17,21.8
2506,1987-11-13,18.8
2691,1988-05-16,17.0
3564,1990-10-07,15.3
3084,1989-06-14,14.2
3419,1990-05-15,18.0
868,1983-05-19,18.6
2592,1988-02-07,19.5
3581,1990-10-24,19.8
2672,1988-04-27,22.7
1858,1986-02-03,21.2
754,1983-01-25,35.0
521,1982-06-06,12.9
714,1982-12-16,28.0
473,1982-04-19,19.2
1342,1984-09-04,13.2
2753,1988-07-17,15.2
3134,1989-08-03,14.1
1584,1985-05-05,25.5
2064,1986-08-28,18.9
2050,1986-08-14,16.8
470,1982-04-16,17.3
2481,1987-10-19,20.5
1359,1984-09-21,14.4
3131,1989-07-31,10.6
1039,1983-11-06,24.3
1765,1985-11-02,17.4
3452,1990-06-17,11.7
3520,1990-08-24,12.0
3488,1990-07-23,17.7
2216,1987-01-27,22.9
1242,1984-05-27,18.1
3448,1990-06-13,14.6
3593,1990-11-05,30.7
2809,1988-09-11,14.8
849,1983-04-30,19.9
2415,1987-08-14,18.0
2956,1989-02-06,28.8
591,1982-08-15,14.3
2511,1987-11-18,32.6
3343,1990-02-28,23.8
1507,1985-02-17,19.2
1239,1984-05-24,16.6
1767,1985-11-04,27.5
1106,1984-01-12,27.2
1255,1984-06-09,13.1
2887,1988-11-28,17.6
826,1983-04-07,16.0
1222,1984-05-07,15.6
1220,1984-05-05,14.0
950,1983-08-09,15.9
1431,1984-12-02,16.5
3195,1989-10-03,15.6
3115,1989-07-15,12.0
1799,1985-12-06,25.8
3364,1990-03-21,21.3
1748,1985-10-16,23.7
32,1981-02-02,36.2
2565,1988-01-11,39.2
478,1982-04-24,26.4
1398,1984-10-30,23.2
1356,1984-09-18,15.2
1042,1983-11-09,18.0
1154,1984-02-29,17.2
1605,1985-05-26,18.8
2367,1987-06-27,13.8
396,1982-02-01,20.8
1877,1986-02-22,19.4
2943,1989-01-24,29.8
2597,1988-02-12,25.4
1411,1984-11-12,15.0
1127,1984-02-02,26.2
2331,1987-05-22,16.9
2762,1988-07-26,15.6
3256,1989-12-03,19.0
2836,1988-10-08,18.0
2393,1987-07-23,13.1
2697,1988-05-22,17.1
945,1983-08-04,13.0
172,1981-06-22,13.8
3392,1990-04-18,18.7
59,1981-03-01,34.2
3151,1989-08-20,13.9
1807,1985-12-14,22.2
3142,1989-08-11,11.8
2951,1989-02-01,26.7
609,1982-09-02,21.4
2772,1988-08-05,13.4
2678,1988-05-03,19.4
1749,1985-10-17,19.7
1880,1986-02-25,25.8
1977,1986-06-02,16.0
1820,1985-12-27,18.5
2192,1987-01-03,20.1
1420,1984-11-21,16.5
1756,1985-10-24,17.2
2077,1986-09-10,17.7
856,1983-05-07,17.0
3117,1989-07-17,11.8
2766,1988-07-30,15.4
2685,1988-05-10,16.2
1606,1985-05-27,20.4
1911,1986-03-28,24.4
617,1982-09-10,14.9
2566,1988-01-12,37.8
768,1983-02-08,43.2
2860,1988-11-01,36.1
1625,1985-06-15,13.7
3070,1989-05-31,11.0
1976,1986-06-01,14.1
1328,1984-08-21,16.8
2586,1988-02-01,19.9
2797,1988-08-30,22.2
1650,1985-07-10,10.8
1518,1985-02-28,22.4
3017,1989-04-08,19.2
3099,1989-06-29,16.0
584,1982-08-08,18.2
873,1983-05-24,15.2
1246,1984-05-31,15.2
1533,1985-03-15,34.7
1716,1985-09-14,14.8
2987,1989-03-09,30.7
2577,1988-01-23,20.0
546,1982-07-01,11.4
480,1982-04-26,14.5
3107,1989-07-07,14.1
3130,1989-07-30,15.2
904,1983-06-24,13.7
3647,1990-12-29,25.1
42,1981-02-12,30.0
2173,1986-12-15,21.9
1506,1985-02-16,18.6
2121,1986-10-24,16.0
2141,1986-11-13,19.5
3261,1989-12-08,28.7
2341,1987-06-01,13.8
2812,1988-09-14,17.2
2661,1988-04-16,18.3
3034,1989-04-25,24.3
1254,1984-06-08,14.9
887,1983-06-07,13.5
671,1982-11-03,29.3
3222,1989-10-30,22.5
580,1982-08-04,15.1
1781,1985-11-18,16.1
2426,1987-08-25,16.1
2974,1989-02-24,37.1
3121,1989-07-21,12.3
964,1983-08-23,19.5
2976,1989-02-26,22.0
1446,1984-12-17,24.6
2849,1988-10-21,19.5
1396,1984-10-28,15.5
2083,1986-09-16,13.6
3324,1990-02-09,24.4
2827,1988-09-29,19.5
869,1983-05-20,19.1
2866,1988-11-07,26.4
1648,1985-07-08,12.8
3465,1990-06-30,13.6
2229,1987-02-09,23.7
1368,1984-09-30,19.9
2368,1987-06-28,12.3
1566,1985-04-17,15.3
2599,1988-02-14,25.2
2137,1986-11-09,18.3
1743,1985-10-11,19.2
1148,1984-02-23,27.3
2366,1987-06-26,13.7
2567,1988-01-13,28.8
3460,1990-06-25,12.4
1813,1985-12-20,25.2
2270,1987-03-22,17.0
1290,1984-07-14,10.0
3191,1989-09-29,25.3
3351,1990-03-08,31.2
1272,1984-06-26,10.8
110,1981-04-21,20.8
947,1983-08-06,13.5
1100,1984-01-06,31.2
3346,1990-03-03,25.3
1472,1985-01-13,36.0
623,1982-09-16,23.7
1178,1984-03-24,21.5
112,1981-04-23,18.4
446,1982-03-23,18.5
1339,1984-09-01,17.9
1271,1984-06-25,12.9
2806,1988-09-08,20.2
913,1983-07-03,11.8
3289,1990-01-05,23.1
1434,1984-12-05,17.9
1519,1985-03-01,24.0
30,1981-01-31,23.2
3472,1990-07-07,15.9
985,1983-09-13,9.5
3147,1989-08-16,13.5
3303,1990-01-19,25.2
3176,1989-09-14,13.7
2884,1988-11-25,16.7
2852,1988-10-24,24.4
2156,1986-11-28,16.7
3317,1990-02-02,20.7
2271,1987-03-23,15.6
2352,1987-06-12,16.2
491,1982-05-07,14.7
1177,1984-03-23,24.7
597,1982-08-21,17.8
1526,1985-03-08,29.7
923,1983-07-13,14.7
3125,1989-07-25,15.3
551,1982-07-06,13.9
189,1981-07-09,12.4
3063,1989-05-24,15.8
2033,1986-07-28,13.3
3538,1990-09-11,18.6
927,1983-07-17,15.2
3425,1990-05-21,15.4
1680,1985-08-09,11.8
3265,1989-12-12,23.2
2288,1987-04-09,18.6
156,1981-06-06,14.7
3166,1989-09-04,16.0
3557,1990-09-30,21.7
2059,1986-08-23,16.5
2630,1988-03-16,21.0
1864,1986-02-09,22.7
2091,1986-09-24,21.3
2552,1987-12-29,19.2
149,1981-05-30,17.6
1213,1984-04-28,16.5
2777,1988-08-10,12.8
41,1981-02-11,21.7
573,1982-07-28,14.6
822,1983-04-03,18.1
770,1983-02-10,25.5
3424,1990-05-20,14.4
578,1982-08-02,15.4
194,1981-07-14,11.0
1193,1984-04-08,22.0
636,1982-09-29,12.3
808,1983-03-20,22.2
2332,1987-05-23,18.3
1297,1984-07-21,10.6
109,1981-04-20,18.1
874,1983-05-25,17.3
3514,1990-08-18,13.1
605,1982-08-29,26.5
337,1981-12-04,33.0
2215,1987-01-26,32.7
3230,1989-11-07,16.8
3342,1990-02-27,27.4
3082,1989-06-12,13.6
160,1981-06-10,11.9
433,1982-03-10,21.2
2718,1988-06-12,16.0
1724,1985-09-22,15.6
1961,1986-05-17,19.5
1789,1985-11-26,20.5
292,1981-10-20,21.8
3290,1990-01-06,21.9
2696,1988-05-21,16.7
1478,1985-01-19,19.3
2255,1987-03-07,22.9
944,1983-08-03,12.4
2935,1989-01-16,31.0
2407,1987-08-06,13.9
2605,1988-02-20,21.0
3349,1990-03-06,19.3
2813,1988-09-15,22.1
592,1982-08-16,13.1
565,1982-07-20,11.2
889,1983-06-09,13.6
196,1981-07-16,15.0
1672,1985-08-01,12.7
437,1982-03-14,32.0
650,1982-10-13,19.0
622,1982-09-15,23.9
2914,1988-12-25,17.9
3223,1989-10-31,16.3
3137,1989-08-06,13.2
771,1983-02-11,21.6
300,1981-10-28,21.8
2534,1987-12-11,21.2
507,1982-05-23,16.1
1536,1985-03-18,21.3
2399,1987-07-29,10.8
323,1981-11-20,23.3
3632,1990-12-14,22.4
1438,1984-12-09,27.7
20,1981-01-21,27.5
3481,1990-07-16,19.2
1968,1986-05-24,16.1
3284,1989-12-31,33.0
286,1981-10-14,20.2
2662,1988-04-17,26.0
3506,1990-08-10,13.3
2978,1989-02-28,33.8
228,1981-08-17,15.2
3356,1990-03-13,25.2
16,1981-01-17,37.0
1637,1985-06-27,15.7
3511,1990-08-15,13.8
1601,1985-05-22,16.0
3273,1989-12-20,18.5
1405,1984-11-06,25.4
3348,1990-03-05,24.1
3403,1990-04-29,18.5
347,1981-12-14,17.9
1091,1983-12-28,30.0
3395,1990-04-21,16.7
1527,1985-03-09,30.2
1860,1986-02-05,26.4
2570,1988-01-16,25.2
3380,1990-04-06,27.1
2359,1987-06-19,16.2
3258,1989-12-05,22.1
1732,1985-09-30,20.5
1570,1985-04-21,16.6
2947,1989-01-28,36.0
275,1981-10-03,14.0
1559,1985-04-10,28.8
3402,1990-04-28,18.1
2220,1987-01-31,37.8
3551,1990-09-24,24.3
3590,1990-11-02,21.4
1688,1985-08-17,13.6
3215,1989-10-23,16.8
131,1981-05-12,14.6
2443,1987-09-11,15.7
2970,1989-02-20,20.7
966,1983-08-25,16.3
1562,1985-04-13,33.8
40,1981-02-10,22.2
440,1982-03-17,18.9
2620,1988-03-06,30.5
997,1983-09-25,13.3
423,1982-02-28,20.9
108,1981-04-19,19.6
2453,1987-09-21,17.0
2013,1986-07-08,11.2
2600,1988-02-15,26.7
276,1981-10-04,17.0
1282,1984-07-06,10.3
2779,1988-08-12,18.0
3435,1990-05-31,16.2
1208,1984-04-23,16.5
3399,1990-04-25,17.5
2204,1987-01-15,22.5
1051,1983-11-18,15.8
1717,1985-09-15,15.6
1097,1984-01-03,23.7
734,1983-01-05,19.2
2880,1988-11-21,16.8
193,1981-07-13,13.4
1776,1985-11-13,28.3
621,1982-09-14,15.6
2242,1987-02-22,18.5
1712,1985-09-10,23.2
71,1981-03-13,17.9
1653,1985-07-13,12.7
45,1981-02-15,39.3
3503,1990-08-07,13.6
924,1983-07-14,15.1
2525,1987-12-02,16.0
1549,1985-03-31,30.1
2735,1988-06-29,14.0
902,1983-06-22,15.1
2702,1988-05-27,15.5
2554,1987-12-31,32.2
1803,1985-12-10,21.0
2757,1988-07-21,15.5
1948,1986-05-04,16.2
907,1983-06-27,10.4
3493,1990-07-28,13.4
1490,1985-01-31,22.2
299,1981-10-27,32.2
1509,1985-02-19,29.5
463,1982-04-09,26.6
2602,1988-02-17,29.9
2690,1988-05-15,17.3
2007,1986-07-02,14.3
3556,1990-09-29,16.8
2739,1988-07-03,12.6
2386,1987-07-16,12.7
2339,1987-05-30,14.1
2163,1986-12-05,27.8
1636,1985-06-26,13.3
2432,1987-08-31,10.1
1856,1986-02-01,33.7
1853,1986-01-29,35.5
2998,1989-03-20,24.2
2569,1988-01-15,38.7
220,1981-08-09,13.1
2391,1987-07-21,12.4
3409,1990-05-05,20.2
1933,1986-04-19,18.7
2438,1987-09-06,14.0
1700,1985-08-29,15.6
1955,1986-05-11,16.4
2952,1989-02-02,22.9
3008,1989-03-30,22.2
1943,1986-04-29,15.5
2187,1986-12-29,21.9
26,1981-01-27,21.5
2119,1986-10-22,15.0
2149,1986-11-21,19.2
858,1983-05-09,17.5
2037,1986-08-01,15.3
1136,1984-02-11,31.6
2098,1986-10-01,22.0
37,1981-02-07,30.2
3455,1990-06-20,14.6
3065,1989-05-26,18.3
3053,1989-05-14,17.2
1842,1986-01-18,21.3
2466,1987-10-04,18.7
2252,1987-03-04,24.7
1137,1984-02-12,33.7
346,1981-12-13,17.9
3428,1990-05-24,14.2
2317,1987-05-08,21.7
1301,1984-07-25,15.9
1910,1986-03-27,22.8
2888,1988-11-29,18.6
3150,1989-08-19,14.9
3239,1989-11-16,22.0
1869,1986-02-14,36.5
113,1981-04-24,22.0
82,1981-03-24,25.4
1453,1984-12-24,26.5
1805,1985-12-12,18.3
1238,1984-05-23,15.0
1742,1985-10-10,26.3
1538,1985-03-20,28.5
2410,1987-08-09,10.9
3463,1990-06-28,11.8
954,1983-08-13,18.2
2394,1987-07-24,12.9
3013,1989-04-04,28.5
1841,1986-01-17,19.7
1705,1985-09-03,13.5
235,1981-08-24,15.7
1796,1985-12-03,26.6
2450,1987-09-18,23.8
2999,1989-03-21,24.2
3263,1989-12-10,29.1
2419,1987-08-18,14.5
2063,1986-08-27,17.7
242,1981-08-31,14.1
2379,1987-07-09,15.8
1055,1983-11-22,25.5
2898,1988-12-09,31.7
2434,1987-09-02,13.1
1495,1985-02-05,29.1
953,1983-08-12,15.5
1122,1984-01-28,22.6
2297,1987-04-18,24.0
2846,1988-10-18,19.0
1256,1984-06-10,13.6
2408,1987-08-07,15.4
2343,1987-06-03,16.2
3183,1989-09-21,20.0
3275,1989-12-22,20.8
2917,1988-12-28,20.1
550,1982-07-05,10.2
3083,1989-06-13,12.9
1289,1984-07-13,11.4
1626,1985-06-16,13.3
731,1983-01-02,18.9
713,1982-12-15,26.0
3440,1990-06-05,13.9
2828,1988-09-30,18.8
2329,1987-05-20,15.0
259,1981-09-17,26.9
1329,1984-08-22,15.8
1965,1986-05-21,15.4
3576,1990-10-19,15.1
3384,1990-04-10,26.0
2775,1988-08-08,13.2
3646,1990-12-28,23.2
3496,1990-07-31,13.2
1754,1985-10-22,22.2
1053,1983-11-20,17.6
1129,1984-02-04,24.2
1071,1983-12-08,18.5
2378,1987-07-08,16.3
3207,1989-10-15,26.1
543,1982-06-28,13.7
2346,1987-06-06,15.6
3292,1990-01-08,27.6
3314,1990-01-30,35.9
169,1981-06-19,16.1
1817,1985-12-24,22.0
1551,1985-04-02,19.7
3067,1989-05-28,19.4
3204,1989-10-12,18.8
481,1982-04-27,14.2
1340,1984-09-02,17.8
65,1981-03-07,30.6
1554,1985-04-05,23.5
3056,1989-05-17,18.9
1209,1984-04-24,16.0
526,1982-06-11,14.3
3513,1990-08-17,12.7
2181,1986-12-23,18.9
1656,1985-07-16,11.4
456,1982-04-02,23.0
3279,1989-12-26,23.2
1448,1984-12-19,20.0
2032,1986-07-27,11.2
1500,1985-02-10,20.3
3300,1990-01-16,18.5
1966,1986-05-22,18.2
1594,1985-05-15,13.1
827,1983-04-08,21.6
2350,1987-06-10,20.3
1542,1985-03-24,18.7
136,1981-05-17,13.3
680,1982-11-12,23.3
2468,1987-10-06,19.0
559,1982-07-14,13.3
1825,1986-01-01,21.0
1638,1985-06-28,15.6
1760,1985-10-28,24.1
3407,1990-05-03,21.2
749,1983-01-20,28.5
1577,1985-04-28,23.9
2071,1986-09-04,21.6
611,1982-09-04,15.0
2342,1987-06-02,14.6
2873,1988-11-14,13.5
1110,1984-01-16,23.9
3606,1990-11-18,18.5
2208,1987-01-19,21.2
1068,1983-12-05,24.0
1778,1985-11-15,18.2
2847,1988-10-19,26.7
2145,1986-11-17,20.7
3573,1990-10-16,19.6
2374,1987-07-04,15.7
2325,1987-05-16,16.6
3443,1990-06-08,19.0
2563,1988-01-09,39.0
1502,1985-02-12,32.2
1047,1983-11-14,31.3
1589,1985-05-10,19.2
370,1982-01-06,29.2
544,1982-06-29,15.2
465,1982-04-11,22.3
3495,1990-07-30,15.5
767,1983-02-07,35.7
2118,1986-10-21,21.0
762,1983-02-02,22.0
1311,1984-08-04,14.0
756,1983-01-27,23.9
965,1983-08-24,20.2
1727,1985-09-25,19.7
2682,1988-05-07,18.8
2448,1987-09-16,17.1
698,1982-11-30,34.5
306,1981-11-03,29.0
2009,1986-07-04,14.2
3169,1989-09-07,19.8
1872,1986-02-17,25.5
1004,1983-10-02,14.2
2643,1988-03-29,24.9
2546,1987-12-23,25.6
1407,1984-11-08,32.3
289,1981-10-17,18.5
2609,1988-02-24,21.9
1138,1984-02-13,23.5
2026,1986-07-21,15.0
2076,1986-09-09,16.5
1408,1984-11-09,25.7
664,1982-10-27,22.7
3467,1990-07-02,12.2
266,1981-09-24,17.6
1031,1983-10-29,16.9
675,1982-11-07,24.5
2668,1988-04-23,22.6
975,1983-09-03,17.4
2684,1988-05-09,15.5
1440,1984-12-11,23.5
900,1983-06-20,17.9
2403,1987-08-02,16.4
2449,1987-09-17,18.9
393,1982-01-29,33.3
2422,1987-08-21,15.0
3313,1990-01-29,25.6
3109,1989-07-09,12.9
2656,1988-04-11,25.7
489,1982-05-05,18.8
2369,1987-06-29,12.8
1849,1986-01-25,20.6
3587,1990-10-30,19.6
54,1981-02-24,23.7
577,1982-08-01,17.1
962,1983-08-21,17.3
2768,1988-08-01,16.1
3468,1990-07-03,13.2
1878,1986-02-23,18.5
1172,1984-03-18,18.4
3254,1989-12-01,33.6
2268,1987-03-20,20.2
701,1982-12-03,22.4
3376,1990-04-02,17.8
2804,1988-09-06,14.3
2231,1987-02-11,20.5
761,1983-02-01,41.2
3286,1990-01-02,31.2
3585,1990-10-28,33.2
3102,1989-07-02,16.6
2949,1989-01-30,21.7
2338,1987-05-29,15.2
3274,1989-12-21,18.9
3615,1990-11-27,28.5
2712,1988-06-06,13.3
2614,1988-02-29,21.0
1482,1985-01-23,21.9
2692,1988-05-17,18.2
335,1981-12-02,27.0
1906,1986-03-23,20.4
2895,1988-12-06,19.9
2927,1989-01-08,33.2
716,1982-12-18,19.0
3059,1989-05-20,16.7
111,1981-04-22,26.0
530,1982-06-15,13.7
1189,1984-04-04,20.7
1499,1985-02-09,24.4
702,1982-12-04,19.1
3477,1990-07-12,14.4
852,1983-05-03,17.8
400,1982-02-05,23.0
2397,1987-07-27,13.1
1956,1986-05-12,21.7
1283,1984-07-07,15.7
1942,1986-04-28,14.9
1320,1984-08-13,12.0
7,1981-01-08,36.6
1691,1985-08-20,11.4
461,1982-04-07,19.8
1469,1985-01-10,21.8
274,1981-10-02,20.8
1695,1985-08-24,16.7
2658,1988-04-13,24.8
1023,1983-10-21,17.7
3241,1989-11-18,16.7
1850,1986-01-26,19.6
1812,1985-12-19,30.9
3252,1989-11-29,33.9
2867,1988-11-08,21.1
1323,1984-08-16,15.4
1477,1985-01-18,19.1
2489,1987-10-27,26.3
2017,1986-07-12,13.7
612,1982-09-05,18.9
3589,1990-11-01,22.4
3221,1989-10-29,24.0
361,1981-12-28,24.1
2473,1987-10-11,12.9
3100,1989-06-30,16.0
2923,1989-01-04,19.0
1200,1984-04-15,18.2
2497,1987-11-04,18.1
1995,1986-06-20,10.8
469,1982-04-15,28.2
271,1981-09-29,18.6
1468,1985-01-09,21.7
2870,1988-11-11,31.2
2783,1988-08-16,19.3
3439,1990-06-04,14.6
1361,1984-09-23,16.5
3249,1989-11-26,27.3
2532,1987-12-09,21.5
410,1982-02-15,39.4
1999,1986-06-24,12.7
2060,1986-08-24,12.2
1598,1985-05-19,15.2
662,1982-10-25,29.7
846,1983-04-27,19.0
2126,1986-10-29,23.8
1147,1984-02-22,28.5
539,1982-06-24,12.5
2560,1988-01-06,30.0
1553,1985-04-04,21.6
2950,1989-01-31,19.8
2639,1988-03-25,30.6
3507,1990-08-11,14.8
173,1981-06-23,9.7
3406,1990-05-02,21.2
2387,1987-07-17,14.8
1882,1986-02-27,26.6
755,1983-01-26,27.7
2153,1986-11-25,31.5
2128,1986-10-31,20.7
1945,1986-05-01,15.7
1970,1986-05-26,16.8
1205,1984-04-20,16.4
627,1982-09-20,15.3
2400,1987-07-30,13.1
2027,1986-07-22,14.5
1895,1986-03-12,25.7
2377,1987-07-07,18.0
3391,1990-04-17,17.2
1332,1984-08-25,16.5
832,1983-04-13,16.7
2240,1987-02-20,21.7
973,1983-09-01,18.5
587,1982-08-11,19.8
31,1981-02-01,31.5
1729,1985-09-27,14.1
1876,1986-02-21,19.7
2433,1987-09-01,12.1
2513,1987-11-20,19.8
1198,1984-04-13,25.0
2340,1987-05-31,13.2
2543,1987-12-20,18.4
870,1983-05-21,13.7
595,1982-08-19,19.8
2490,1987-10-28,17.5
980,1983-09-08,16.5
1192,1984-04-07,21.5
3413,1990-05-09,21.2
1690,1985-08-19,11.7
781,1983-02-21,34.4
3306,1990-01-22,25.4
1302,1984-07-26,12.8
2234,1987-02-14,36.7
3064,1989-05-25,16.2
2195,1987-01-06,24.5
3068,1989-05-29,17.0
1941,1986-04-27,16.7
3197,1989-10-05,18.0
2097,1986-09-30,23.4
1996,1986-06-21,11.9
1975,1986-05-31,14.0
2193,1987-01-04,23.5
563,1982-07-18,8.3
3385,1990-04-11,22.2
2429,1987-08-28,16.2
3370,1990-03-27,31.5
3293,1990-01-09,27.3
1531,1985-03-13,36.1
1157,1984-03-03,21.5
3104,1989-07-04,12.7
2334,1987-05-25,13.5
1011,1983-10-09,20.2
2106,1986-10-09,17.1
1435,1984-12-06,23.1
1244,1984-05-29,20.1
561,1982-07-16,10.0
3546,1990-09-19,23.2
3394,1990-04-20,21.8
72,1981-03-14,17.3
3062,1989-05-23,16.2
1927,1986-04-13,24.9
1788,1985-11-25,21.3
178,1981-06-28,17.0
3332,1990-02-17,23.9
3436,1990-06-01,13.2
1801,1985-12-08,27.8
1158,1984-03-04,29.2
1590,1985-05-11,18.9
482,1982-04-28,16.5
1352,1984-09-14,22.0
2065,1986-08-29,14.9
2960,1989-02-10,21.6
3092,1989-06-22,14.9
2988,1989-03-10,23.4
508,1982-05-24,16.0
564,1982-07-19,10.7
376,1982-01-12,24.2
2679,1988-05-04,21.4
1379,1984-10-11,26.6
253,1981-09-11,18.0
1898,1986-03-15,23.0
2,1981-01-03,34.5
3002,1989-03-24,18.0
2771,1988-08-04,13.8
1028,1983-10-26,23.6
3575,1990-10-18,23.9
1546,1985-03-28,23.5
817,1983-03-29,25.9
2494,1987-11-01,35.0
3453,1990-06-18,12.9
600,1982-08-24,23.7
1651,1985-07-11,14.6
2305,1987-04-26,26.9
2618,1988-03-04,20.3
269,1981-09-27,14.3
1818,1985-12-25,26.6
3340,1990-02-25,23.0
3338,1990-02-23,21.3
1425,1984-11-26,28.0
1539,1985-03-21,25.6
2291,1987-04-12,26.6
834,1983-04-15,14.5
3288,1990-01-04,19.6
2485,1987-10-23,15.8
1646,1985-07-06,13.0
3363,1990-03-20,21.3
1954,1986-05-10,15.1
635,1982-09-28,18.4
649,1982-10-12,25.4
130,1981-05-11,16.8
2349,1987-06-09,16.0
447,1982-03-24,22.2
1223,1984-05-08,17.0
1826,1986-01-02,18.5
1592,1985-05-13,21.5
1322,1984-08-15,12.9
1618,1985-06-08,14.1
1998,1986-06-23,12.0
1949,1986-05-05,15.4
1632,1985-06-22,10.8
1854,1986-01-30,21.1
2412,1987-08-11,12.8
3345,1990-03-02,28.5
2612,1988-02-27,21.5
158,1981-06-08,12.9
785,1983-02-25,33.2
2213,1987-01-24,30.3
2281,1987-04-02,21.1
279,1981-10-07,19.6
2756,1988-07-20,14.1
3398,1990-04-24,21.2
1851,1986-01-27,20.0
3072,1989-06-02,14.0
2576,1988-01-22,26.2
1358,1984-09-20,13.2
967,1983-08-26,13.0
1923,1986-04-09,19.8
2769,1988-08-02,16.6
2437,1987-09-05,15.6
1374,1984-10-06,24.0
766,1983-02-06,36.6
2606,1988-02-21,21.6
1432,1984-12-03,15.9
3602,1990-11-14,18.4
2752,1988-07-16,14.8
1092,1983-12-29,32.4
1616,1985-06-06,13.7
1852,1986-01-28,29.5
88,1981-03-30,19.4
2157,1986-11-29,22.0
3138,1989-08-07,13.0
2540,1987-12-17,21.5
106,1981-04-17,21.0
588,1982-08-12,15.6
2825,1988-09-27,20.1
2997,1989-03-19,21.9
1578,1985-04-29,25.6
2647,1988-04-02,20.7
486,1982-05-02,19.8
1483,1985-01-24,20.1
2625,1988-03-11,19.3
183,1981-07-03,10.8
374,1982-01-10,38.0
1987,1986-06-12,14.7
417,1982-02-22,24.2
3153,1989-08-22,11.3
368,1982-01-04,19.8
1439,1984-12-10,21.3
3361,1990-03-18,18.6
3295,1990-01-11,33.5
2304,1987-04-25,24.9
2734,1988-06-28,14.3
1128,1984-02-03,30.0
2910,1988-12-21,26.1
1084,1983-12-21,21.4
2958,1989-02-08,33.7
686,1982-11-18,16.3
3213,1989-10-21,16.8
2362,1987-06-22,15.3
893,1983-06-13,14.1
3375,1990-04-01,20.1
1125,1984-01-31,20.3
2267,1987-03-19,17.6
3336,1990-02-21,35.2
3454,1990-06-19,12.7
2865,1988-11-06,25.4
2309,1987-04-30,16.4
97,1981-04-08,27.3
2893,1988-12-04,17.2
725,1982-12-27,28.0
547,1982-07-02,14.2
356,1981-12-23,20.7
610,1982-09-03,14.9
2925,1989-01-06,20.6
2729,1988-06-23,15.5
1871,1986-02-16,27.2
2303,1987-04-24,19.7
1573,1985-04-24,19.7
1655,1985-07-15,15.7
747,1983-01-18,18.0
1132,1984-02-07,20.4
1024,1983-10-22,23.0
853,1983-05-04,17.0
1673,1985-08-02,12.5
3446,1990-06-11,16.3
371,1982-01-07,20.3
62,1981-03-04,19.9
1940,1986-04-26,16.2
1118,1984-01-24,28.5
3328,1990-02-13,25.9
2316,1987-05-07,17.4
2439,1987-09-07,14.2
138,1981-05-19,14.3
673,1982-11-05,35.2
2123,1986-10-26,14.6
2384,1987-07-14,12.3
2638,1988-03-24,30.6
2664,1988-04-19,21.8
606,1982-08-30,15.1
1117,1984-01-23,30.5
2500,1987-11-07,20.5
3259,1989-12-06,25.2
380,1982-01-16,35.2
2939,1989-01-20,20.3
1660,1985-07-20,13.1
926,1983-07-16,14.0
2371,1987-07-01,14.5
2256,1987-03-08,16.4
2624,1988-03-10,15.7
2916,1988-12-27,19.5
1098,1984-01-04,20.6
3355,1990-03-12,18.9
2553,1987-12-30,30.8
708,1982-12-10,18.5
2726,1988-06-20,14.9
3358,1990-03-15,19.2
1030,1983-10-28,14.5
672,1982-11-04,33.7
2637,1988-03-23,24.7
3462,1990-06-27,9.7
840,1983-04-21,24.6
1517,1985-02-27,20.1
511,1982-05-27,19.6
3018,1989-04-09,20.4
2628,1988-03-14,17.6
2222,1987-02-02,38.7
897,1983-06-17,11.9
1708,1985-09-06,15.1
1263,1984-06-17,12.5
2292,1987-04-13,19.0
411,1982-02-16,25.8
2282,1987-04-03,19.9
2966,1989-02-16,24.4
277,1981-10-05,23.0
2114,1986-10-17,23.5
3320,1990-02-05,21.9
3529,1990-09-02,14.5
1811,1985-12-18,22.4
311,1981-11-08,24.7
1288,1984-07-12,11.6
90,1981-04-01,26.3
743,1983-01-14,18.1
3090,1989-06-20,13.9
120,1981-05-01,23.7
1400,1984-11-01,23.9
3111,1989-07-11,12.9
2035,1986-07-30,15.0
3001,1989-03-23,21.3
598,1982-08-22,15.0
2398,1987-07-28,11.1
384,1982-01-20,38.9
1245,1984-05-30,20.3
1810,1985-12-17,18.4
3486,1990-07-21,15.7
746,1983-01-17,19.6
221,1981-08-10,13.6
3206,1989-10-14,19.7
187,1981-07-07,13.2
2530,1987-12-07,17.6
2167,1986-12-09,19.4
2655,1988-04-10,23.5
260,1981-09-18,19.4
3473,1990-07-08,15.4
186,1981-07-06,12.2
63,1981-03-05,19.7
2006,1986-07-01,11.7
3614,1990-11-26,19.1
2667,1988-04-22,21.7
239,1981-08-28,13.2
48,1981-02-18,19.9
392,1982-01-28,32.0
282,1981-10-10,14.7
1608,1985-05-29,19.1
575,1982-07-30,12.8
1582,1985-05-03,22.2
2699,1988-05-24,17.7
683,1982-11-15,28.0
1008,1983-10-06,15.6
3016,1989-04-07,18.5
509,1982-05-25,16.5
181,1981-07-01,15.7
2047,1986-08-11,12.1
2522,1987-11-29,32.8
1523,1985-03-05,19.2
80,1981-03-22,19.9
2845,1988-10-17,18.8
1262,1984-06-16,14.0
2746,1988-07-10,15.4
3251,1989-11-28,32.5
1081,1983-12-18,22.8
2109,1986-10-12,21.1
2431,1987-08-30,17.9
855,1983-05-06,18.7
3057,1989-05-18,20.6
1484,1985-01-25,23.2
1614,1985-06-04,12.7
2239,1987-02-19,37.0
968,1983-08-27,13.3
3164,1989-09-02,15.5
77,1981-03-19,32.6
3421,1990-05-17,17.7
1103,1984-01-09,21.9
2389,1987-07-19,12.0
3162,1989-08-31,17.2
3545,1990-09-18,21.0
1988,1986-06-13,14.6
2401,1987-07-31,15.0
1449,1984-12-20,22.7
3544,1990-09-17,16.6
454,1982-03-31,20.7
2246,1987-02-26,24.3
777,1983-02-17,20.2
2680,1988-05-05,25.5
2562,1988-01-08,26.3
1228,1984-05-13,16.9
2808,1988-09-10,19.8
1654,1985-07-14,12.9
773,1983-02-13,23.3
3531,1990-09-04,15.8
914,1983-07-04,13.9
979,1983-09-07,17.8
1111,1984-01-17,19.7
1897,1986-03-14,32.6
1894,1986-03-11,21.3
1658,1985-07-18,12.2
1443,1984-12-14,20.0
538,1982-06-23,12.7
1130,1984-02-05,23.4
1846,1986-01-22,21.5
2082,1986-09-15,18.8
2219,1987-01-30,25.7
98,1981-04-09,23.2
631,1982-09-24,23.2
2264,1987-03-16,33.8
206,1981-07-26,13.3
737,1983-01-08,37.3
3118,1989-07-18,13.0
395,1982-01-31,21.3
1994,1986-06-19,10.2
462,1982-04-08,20.3
2458,1987-09-26,30.7
145,1981-05-26,17.2
2853,1988-10-25,29.0
298,1981-10-26,28.5
1123,1984-01-29,28.4
3640,1990-12-22,30.3
1944,1986-04-30,15.3
505,1982-05-21,11.3
3582,1990-10-25,27.2
2236,1987-02-16,28.7
3145,1989-08-14,15.2
87,1981-03-29,20.9
1706,1985-09-04,13.6
1412,1984-11-13,16.5
3475,1990-07-10,14.2
313,1981-11-10,19.8
2188,1986-12-30,35.0
3038,1989-04-29,23.0
2227,1987-02-07,40.0
1151,1984-02-26,33.2
419,1982-02-24,19.7
3508,1990-08-12,15.0
3476,1990-07-11,15.7
1452,1984-12-23,27.8
283,1981-10-11,15.2
379,1982-01-15,27.0
1346,1984-09-08,16.9
604,1982-08-28,25.7
2261,1987-03-13,16.7
2345,1987-06-05,14.3
1924,1986-04-10,26.8
258,1981-09-16,22.5
1583,1985-05-04,24.5
2476,1987-10-14,21.9
1576,1985-04-27,23.7
2321,1987-05-12,21.9
2965,1989-02-15,23.1
983,1983-09-11,12.0
1859,1986-02-04,23.7
2635,1988-03-21,25.8
878,1983-05-29,12.2
1243,1984-05-28,15.6
3649,1990-12-31,24.6
1316,1984-08-09,15.4
1686,1985-08-15,15.7
995,1983-09-23,16.9
2066,1986-08-30,11.4
1281,1984-07-05,12.1
2786,1988-08-19,17.5
1703,1985-09-01,12.6
2405,1987-08-04,15.5
432,1982-03-09,18.5
218,1981-08-07,14.4
1269,1984-06-23,15.1
1915,1986-04-01,19.6
3449,1990-06-14,14.2
1713,1985-09-11,15.3
2536,1987-12-13,25.6
2418,1987-08-17,13.3
3382,1990-04-08,19.1
1847,1986-01-23,24.2
562,1982-07-17,11.0
254,1981-09-12,16.2
2611,1988-02-26,37.4
21,1981-01-22,21.7
992,1983-09-20,16.3
1991,1986-06-16,16.8
3584,1990-10-27,31.4
2840,1988-10-12,23.2
261,1981-09-19,15.9
1235,1984-05-20,20.0
857,1983-05-08,18.8
3036,1989-04-27,25.4
1579,1985-04-30,24.7
1397,1984-10-29,21.4
191,1981-07-11,9.8
1836,1986-01-12,24.4
3533,1990-09-06,16.8
2941,1989-01-22,18.3
2383,1987-07-13,13.7
1371,1984-10-03,18.9
2299,1987-04-20,15.1
3044,1989-05-05,17.5
1230,1984-05-15,19.4
644,1982-10-07,21.7
2886,1988-11-27,18.9
464,1982-04-10,21.5
626,1982-09-19,13.5
1318,1984-08-11,13.1
3389,1990-04-15,17.6
2824,1988-09-26,23.8
2471,1987-10-09,19.0
2294,1987-04-15,16.5
657,1982-10-20,15.1
892,1983-06-12,14.0
2747,1988-07-11,14.6
302,1981-10-30,20.7
2711,1988-06-05,16.4
570,1982-07-25,16.7
1062,1983-11-29,27.5
3208,1989-10-16,18.7
2545,1987-12-22,24.6
2388,1987-07-18,14.9
677,1982-11-09,25.0
318,1981-11-15,15.5
236,1981-08-25,17.0
2933,1989-01-14,31.0
76,1981-03-18,30.1
793,1983-03-05,25.5
1735,1985-10-03,25.8
898,1983-06-18,14.2
1839,1986-01-15,27.2
729,1982-12-31,35.8
3283,1989-12-30,21.5
1101,1984-01-07,21.5
2099,1986-10-02,16.7
1751,1985-10-19,14.3
3502,1990-08-06,14.5
1214,1984-04-29,22.5
2008,1986-07-03,15.4
3566,1990-10-09,16.8
2931,1989-01-12,18.7
2724,1988-06-18,15.0
2312,1987-05-03,15.8
2409,1987-08-08,14.8
798,1983-03-10,28.5
294,1981-10-22,15.8
1173,1984-03-19,18.5
2598,1988-02-13,25.0
3405,1990-05-01,23.0
1758,1985-10-26,20.5
1387,1984-10-19,15.5
2903,1988-12-14,32.1
1007,1983-10-05,17.0
2113,1986-10-16,17.8
3074,1989-06-04,13.1
3112,1989-07-12,11.8
3193,1989-10-01,15.0
1550,1985-04-01,23.3
1771,1985-11-08,21.5
2871,1988-11-12,34.5
3128,1989-07-28,16.0
1454,1984-12-25,18.9
184,1981-07-04,10.5
1296,1984-07-20,12.0
1664,1985-07-24,12.8
1798,1985-12-05,25.0
3490,1990-07-25,15.2
246,1981-09-04,15.1
2280,1987-04-01,19.4
740,1983-01-11,17.9
1353,1984-09-15,16.4
2210,1987-01-21,18.7
125,1981-05-06,17.2
1935,1986-04-21,19.5
336,1981-12-03,21.0
850,1983-05-01,18.5
1284,1984-07-08,11.7
1709,1985-09-07,14.3
2948,1989-01-29,36.6
2633,1988-03-19,32.7
1415,1984-11-16,27.4
2801,1988-09-03,14.5
2003,1986-06-28,11.1
2694,1988-05-19,14.9
3350,1990-03-07,22.7
1704,1985-09-02,12.9
2184,1986-12-26,21.6
1886,1986-03-03,24.9
3429,1990-05-25,13.2
2504,1987-11-11,17.2
3586,1990-10-29,33.7
2159,1986-12-01,29.2
2531,1987-12-08,20.8
894,1983-06-14,13.5
360,1981-12-27,20.5
2717,1988-06-11,17.0
718,1982-12-20,18.0
1145,1984-02-20,32.9
2467,1987-10-05,17.0
3210,1989-10-18,29.7
810,1983-03-22,20.5
471,1982-04-17,16.8
2526,1987-12-03,16.6
322,1981-11-19,20.4
2604,1988-02-19,20.6
2676,1988-05-01,20.5
2143,1986-11-15,19.7
948,1983-08-07,14.7
3079,1989-06-09,10.2
1866,1986-02-11,20.8
3032,1989-04-23,20.2
2479,1987-10-17,15.4
390,1982-01-26,19.7
270,1981-09-28,16.8
439,1982-03-16,27.4
436,1982-03-13,30.5
1324,1984-08-17,13.4
1488,1985-01-29,30.0
2881,1988-11-22,19.9
688,1982-11-20,21.7
3310,1990-01-26,27.2
3437,1990-06-02,16.3
101,1981-04-12,27.4
2045,1986-08-09,17.3
2175,1986-12-17,17.9
3523,1990-08-27,17.3
742,1983-01-13,18.7
3141,1989-08-10,13.2
3165,1989-09-03,15.2
1180,1984-03-26,16.1
2300,1987-04-21,16.1
1819,1985-12-26,20.4
3069,1989-05-30,14.6
1384,1984-10-16,12.2
403,1982-02-08,39.0
1938,1986-04-24,18.5
3163,1989-09-01,14.7
166,1981-06-16,11.2
3282,1989-12-29,31.9
3537,1990-09-10,20.7
155,1981-06-05,13.7
2751,1988-07-15,15.6
3019,1989-04-10,22.8
2821,1988-09-23,18.4
2104,1986-10-07,14.4
1360,1984-09-22,15.0
256,1981-09-14,20.6
2085,1986-09-18,13.8
3383,1990-04-09,22.5
1437,1984-12-08,24.2
3417,1990-05-13,13.6
3536,1990-09-09,19.7
1181,1984-03-27,18.7
2455,1987-09-23,26.5
13,1981-01-14,41.4
3461,1990-06-26,12.6
3491,1990-07-26,14.5
1391,1984-10-23,28.4
179,1981-06-29,16.0
416,1982-02-21,21.8
2023,1986-07-18,13.6
2056,1986-08-20,18.0
1337,1984-08-30,19.6
2660,1988-04-15,17.4
1376,1984-10-08,24.2
1456,1984-12-27,24.2
91,1981-04-02,29.6
2872,1988-11-13,22.9
1837,1986-01-13,21.5
1349,1984-09-11,14.2
208,1981-07-28,11.1
3287,1990-01-03,36.6
151,1981-06-01,17.7
569,1982-07-24,16.0
348,1981-12-15,20.7
3422,1990-05-18,14.6
918,1983-07-08,10.7
3086,1989-06-16,15.2
2283,1987-04-04,28.6
3091,1989-06-21,14.6
663,1982-10-26,33.0
2985,1989-03-07,28.0
2636,1988-03-22,28.2
43,1981-02-13,35.7
2285,1987-04-06,29.7
309,1981-11-06,16.9
1199,1984-04-14,25.0
1227,1984-05-12,16.7
3530,1990-09-03,13.6
312,1981-11-09,25.4
775,1983-02-15,31.2
2381,1987-07-11,13.7
3294,1990-01-10,30.1
2202,1987-01-13,26.5
262,1981-09-20,20.5
1569,1985-04-20,16.0
1167,1984-03-13,18.7
916,1983-07-06,11.0
3381,1990-04-07,19.4
2700,1988-05-25,18.4
397,1982-02-02,22.3
1931,1986-04-17,16.8
3560,1990-10-03,14.8
2557,1988-01-03,20.0
571,1982-07-26,14.4
3167,1989-09-05,16.6
2899,1988-12-10,20.8
2084,1986-09-17,14.0
2509,1987-11-16,30.5
1909,1986-03-26,32.7
711,1982-12-13,35.2
3359,1990-03-16,21.5
1537,1985-03-19,26.8
2915,1988-12-26,21.3
2823,1988-09-25,23.4
3515,1990-08-19,15.8
3031,1989-04-22,18.3
68,1981-03-10,19.6
1564,1985-04-15,18.6
939,1983-07-29,13.8
2922,1989-01-03,31.6
1979,1986-06-04,15.2
3318,1990-02-03,21.9
1000,1983-09-28,20.8
2855,1988-10-27,24.6
3524,1990-08-28,17.0
1532,1985-03-14,34.0
3297,1990-01-13,21.4
3177,1989-09-15,14.2
1044,1983-11-11,19.0
8,1981-01-09,36.1
367,1982-01-03,24.5
257,1981-09-15,18.3
1386,1984-10-18,16.5
1828,1986-01-04,23.3
961,1983-08-20,15.4
2330,1987-05-21,14.5
1229,1984-05-14,18.2
3608,1990-11-20,28.1
2140,1986-11-12,16.7
752,1983-01-23,19.0
3126,1989-07-26,13.2
164,1981-06-14,16.1
2556,1988-01-02,21.4
3388,1990-04-14,20.9
118,1981-04-29,15.9
317,1981-11-14,17.7
2117,1986-10-20,16.1
1064,1983-12-01,18.2
3610,1990-11-22,20.9
759,1983-01-30,24.3
1357,1984-09-19,12.6
1313,1984-08-06,19.2
2103,1986-10-06,18.3
3643,1990-12-25,29.3
2230,1987-02-10,22.0
880,1983-05-31,14.0
2861,1988-11-02,23.1
1844,1986-01-20,21.0
2041,1986-08-05,14.8
1665,1985-07-25,11.6
2336,1987-05-27,10.9
3644,1990-12-26,20.9
477,1982-04-23,24.3
1610,1985-05-31,14.6
1868,1986-02-13,34.5
1265,1984-06-19,12.2
3378,1990-04-04,28.8
694,1982-11-26,21.2
2681,1988-05-06,19.4
105,1981-04-16,19.8
3080,1989-06-10,13.7
1026,1983-10-24,21.3
3243,1989-11-20,20.6
1597,1985-05-18,13.5
583,1982-08-07,15.9
2266,1987-03-18,32.0
1251,1984-06-05,19.0
427,1982-03-04,34.7
1572,1985-04-23,21.5
1707,1985-09-05,13.7
272,1981-09-30,21.9
310,1981-11-07,19.1
2736,1988-06-30,13.5
2241,1987-02-21,22.7
1624,1985-06-14,14.1
2404,1987-08-03,14.1
2908,1988-12-19,20.9
3185,1989-09-23,15.8
39,1981-02-09,32.6
2627,1988-03-13,17.0
3061,1989-05-22,16.2
9,1981-01-10,20.6
2110,1986-10-13,21.7
3270,1989-12-17,32.9
2900,1988-12-11,20.8
3541,1990-09-14,14.0
1155,1984-03-01,18.1
553,1982-07-08,13.6
710,1982-12-12,33.0
2061,1986-08-25,15.0
3645,1990-12-27,37.6
3209,1989-10-17,20.8
1179,1984-03-25,17.5
3371,1990-03-28,21.0
2670,1988-04-25,17.0
1276,1984-06-30,13.4
1947,1986-05-03,17.1
430,1982-03-07,29.6
3636,1990-12-18,20.7
687,1982-11-19,20.1
705,1982-12-07,17.9
1521,1985-03-03,26.8
209,1981-07-29,13.1
1088,1983-12-25,23.4
1939,1986-04-25,17.0
124,1981-05-05,25.2
2885,1988-11-26,16.9
2649,1988-04-04,21.1
3298,1990-01-14,20.4
375,1982-01-11,40.5
1603,1985-05-24,15.6
2758,1988-07-22,12.6
1593,1985-05-14,18.0
3423,1990-05-19,14.5
2969,1989-02-19,21.5
3432,1990-05-28,13.7
1201,1984-04-16,21.5
263,1981-09-21,21.2
741,1983-01-12,17.5
2721,1988-06-15,14.4
2286,1987-04-07,19.9
998,1983-09-26,20.7
1555,1985-04-06,22.6
1234,1984-05-19,22.2
2737,1988-07-01,13.3
3308,1990-01-24,36.6
2011,1986-07-06,13.1
2524,1987-12-01,15.5
1534,1985-03-16,20.4
3612,1990-11-24,19.9
3042,1989-05-03,20.6
3613,1990-11-25,21.9
2642,1988-03-28,25.5
305,1981-11-02,26.2
3485,1990-07-20,15.8
3330,1990-02-15,31.5
2854,1988-10-26,19.2
1355,1984-09-17,11.8
2590,1988-02-05,32.9
3353,1990-03-10,21.5
1629,1985-06-19,13.6
1210,1984-04-25,17.7
3494,1990-07-29,12.4
2136,1986-11-08,19.0
1264,1984-06-18,12.8
1426,1984-11-27,22.2
3445,1990-06-10,16.2
2055,1986-08-19,14.5
2792,1988-08-25,14.2
252,1981-09-10,23.8
2862,1988-11-03,16.5
674,1982-11-06,38.1
2451,1987-09-19,25.9
3548,1990-09-21,17.8
421,1982-02-26,17.9
3372,1990-03-29,20.6
1870,1986-02-15,28.9
2968,1989-02-18,38.8
3192,1989-09-30,21.5
739,1983-01-10,21.3
352,1981-12-19,20.2
1541,1985-03-23,32.5
3464,1990-06-29,15.8
53,1981-02-23,29.0
485,1982-05-01,16.7
1503,1985-02-13,23.4
1487,1985-01-28,21.6
3471,1990-07-06,12.9
2503,1987-11-10,16.8
3539,1990-09-12,13.7
1410,1984-11-11,19.4
2748,1988-07-12,14.6
3316,1990-02-01,15.0
1718,1985-09-16,14.6
2794,1988-08-27,14.5
1586,1985-05-07,18.0
888,1983-06-08,13.0
386,1982-01-22,21.8
498,1982-05-14,15.3
2499,1987-11-06,18.6
3296,1990-01-12,24.2
3374,1990-03-31,19.7
692,1982-11-24,38.1
1194,1984-04-09,23.2
2148,1986-11-20,14.8
12,1981-01-13,38.7
223,1981-08-12,12.7
823,1983-04-04,14.6
2014,1986-07-09,9.2
353,1981-12-20,21.3
1563,1985-04-14,26.8
2913,1988-12-24,26.3
1918,1986-04-04,30.7
2235,1987-02-15,21.3
3096,1989-06-26,14.1
1186,1984-04-01,19.7
911,1983-07-01,13.1
3039,1989-04-30,21.8
2430,1987-08-29,14.9
951,1983-08-10,16.0
1291,1984-07-15,14.7
1450,1984-12-21,22.6
1639,1985-06-29,19.3
860,1983-05-11,16.6
2068,1986-09-01,15.2
1058,1983-11-25,17.0
1774,1985-11-11,17.7
2767,1988-07-31,16.7
2199,1987-01-10,21.8
1143,1984-02-18,29.5
2284,1987-04-05,29.7
1701,1985-08-30,18.7
2363,1987-06-23,15.2
2295,1987-04-16,17.5
1347,1984-09-09,22.2
789,1983-03-01,35.2
1838,1986-01-14,32.4
1059,1983-11-26,22.6
96,1981-04-07,24.1
1422,1984-11-23,18.0
2089,1986-09-22,14.3
3592,1990-11-04,21.6
848,1983-04-29,17.0
2043,1986-08-07,14.8
527,1982-06-12,16.9
1726,1985-09-24,25.1
628,1982-09-21,19.3
1670,1985-07-30,11.3
1560,1985-04-11,30.0
2372,1987-07-02,14.0
735,1983-01-06,21.5
3416,1990-05-12,19.9
2238,1987-02-18,28.8
3088,1989-06-18,12.3
3267,1989-12-14,17.1
490,1982-05-06,15.7
122,1981-05-03,17.2
3173,1989-09-11,12.6
3620,1990-12-02,31.4
1622,1985-06-12,14.5
1292,1984-07-16,13.6
1295,1984-07-19,13.0
358,1981-12-25,19.6
3073,1989-06-03,10.8
2510,1987-11-17,28.3
1668,1985-07-28,17.4
148,1981-05-29,17.3
2358,1987-06-18,15.7
703,1982-12-05,19.2
931,1983-07-21,14.2
1874,1986-02-19,21.8
679,1982-11-11,18.1
1913,1986-03-30,29.1
343,1981-12-10,27.0
2245,1987-02-25,18.4
936,1983-07-26,17.2
345,1981-12-12,24.8
1308,1984-08-01,16.3
73,1981-03-15,21.4
3605,1990-11-17,15.6
453,1982-03-30,21.4
146,1981-05-27,14.4
2544,1987-12-21,22.3
1460,1985-01-01,20.7
2010,1986-07-05,13.0
3022,1989-04-13,18.0
428,1982-03-05,34.0
383,1982-01-19,35.9
1260,1984-06-14,18.3
307,1981-11-04,21.6
2355,1987-06-15,13.4
2495,1987-11-02,36.1
3596,1990-11-08,26.6
2444,1987-09-12,14.0
2120,1986-10-23,16.0
1902,1986-03-19,25.8
3457,1990-06-22,16.1
2632,1988-03-18,30.6
1012,1983-10-10,16.7
1802,1985-12-09,23.2
2486,1987-10-24,16.0
2127,1986-10-30,27.0
301,1981-10-29,22.1
255,1981-09-13,18.5
342,1981-12-09,17.3
3085,1989-06-15,15.0
1921,1986-04-07,18.2
1035,1983-11-02,21.7
3532,1990-09-05,16.4
61,1981-03-03,24.2
1377,1984-10-09,18.0
1511,1985-02-21,32.4
2863,1988-11-04,16.2
2754,1988-07-18,15.2
2168,1986-12-10,27.5
399,1982-02-04,21.4
121,1981-05-02,24.0
2102,1986-10-05,19.6
930,1983-07-20,11.0
1402,1984-11-03,15.2
492,1982-05-08,15.3
2705,1988-05-30,16.8
2228,1987-02-08,20.8
805,1983-03-17,24.3
175,1981-06-25,11.0
3341,1990-02-26,24.4
2044,1986-08-08,16.6
2989,1989-03-11,26.1
2217,1987-01-28,21.0
3466,1990-07-01,8.9
2101,1986-10-04,16.4
529,1982-06-14,13.6
3625,1990-12-07,35.7
586,1982-08-10,19.5
824,1983-04-05,14.1
2179,1986-12-21,20.0
494,1982-05-10,18.0
2259,1987-03-11,27.0
154,1981-06-04,15.7
1465,1985-01-06,21.4
1046,1983-11-13,20.1
1049,1983-11-16,12.8
36,1981-02-06,21.5
3623,1990-12-05,36.9
211,1981-07-31,14.6
653,1982-10-16,15.6
2475,1987-10-13,15.9
3404,1990-04-30,19.8
100,1981-04-11,24.6
1702,1985-08-31,17.4
3559,1990-10-02,15.0
1512,1985-02-22,28.5
601,1982-08-25,15.8
1738,1985-10-06,21.1
2953,1989-02-03,19.8
1327,1984-08-20,14.9
1336,1984-08-29,17.6
3510,1990-08-14,15.3
1505,1985-02-15,33.5
2784,1988-08-17,16.2
1481,1985-01-22,20.0
1146,1984-02-21,20.5
3335,1990-02-20,31.1
906,1983-06-26,10.3
3331,1990-02-16,35.8
3246,1989-11-23,35.5
3570,1990-10-13,18.9
779,1983-02-19,22.2
778,1983-02-18,20.3
2416,1987-08-15,18.5
996,1983-09-24,13.5
3333,1990-02-18,27.8
1060,1983-11-27,24.5
2579,1988-01-25,20.3
2090,1986-09-23,16.7
3154,1989-08-23,12.2
1711,1985-09-09,21.5
1916,1986-04-02,28.6
757,1983-01-28,25.6
1884,1986-03-01,21.1
3501,1990-08-05,15.1
3122,1989-07-22,13.1
1078,1983-12-15,21.3
791,1983-03-03,35.6
1133,1984-02-08,20.7
2174,1986-12-16,21.1
2814,1988-09-16,15.4
2172,1986-12-14,17.3
2253,1987-03-05,30.1
324,1981-11-21,20.2
719,1982-12-21,19.4
2424,1987-08-23,13.6
355,1981-12-22,21.0
2134,1986-11-06,18.9
3595,1990-11-07,32.6
3220,1989-10-28,17.0
558,1982-07-13,13.3
57,1981-02-27,33.6
377,1982-01-13,20.2
3132,1989-08-01,14.8
2723,1988-06-17,11.3
1072,1983-12-09,20.6
1314,1984-08-07,18.5
1795,1985-12-02,23.4
2057,1986-08-21,20.2
1249,1984-06-03,18.3
3499,1990-08-03,15.1
820,1983-04-01,17.9
2603,1988-02-18,27.6
1907,1986-03-24,18.8
2206,1987-01-17,22.0
1919,1986-04-05,16.8
1920,1986-04-06,16.1
1079,1983-12-16,20.4
1883,1986-02-28,34.5
984,1983-09-12,14.0
2622,1988-03-08,23.4
730,1983-01-01,23.0
1107,1984-01-13,29.2
3152,1989-08-21,15.9
1493,1985-02-03,37.1
2791,1988-08-24,16.1
1845,1986-01-21,22.6
3225,1989-11-02,17.7
941,1983-07-31,13.1
3386,1990-04-12,28.4
876,1983-05-27,18.4
3408,1990-05-04,23.1
2945,1989-01-26,32.9
2677,1988-05-02,20.2
535,1982-06-20,11.3
503,1982-05-19,17.8
406,1982-02-11,23.6
3617,1990-11-29,20.1
568,1982-07-23,14.5
2983,1989-03-05,26.4
1684,1985-08-13,16.1
2574,1988-01-20,36.2
582,1982-08-06,14.2
3113,1989-07-13,11.9
1312,1984-08-05,17.5
3095,1989-06-25,12.9
678,1982-11-10,17.9
684,1982-11-16,19.7
2868,1988-11-09,21.1
2920,1989-01-01,24.8
1350,1984-09-12,16.8
1056,1983-11-23,22.7
811,1983-03-23,17.6
245,1981-09-03,15.9
1620,1985-06-10,17.1
1721,1985-09-19,13.6
1218,1984-05-03,15.5
2591,1988-02-06,21.3
3136,1989-08-05,10.7
479,1982-04-25,16.0
1383,1984-10-15,12.0
769,1983-02-09,28.0
1354,1984-09-16,14.2
2615,1988-03-01,36.3
2585,1988-01-31,19.5
3098,1989-06-28,15.8
1599,1985-05-20,14.2
794,1983-03-06,31.5
554,1982-07-09,13.2
2194,1987-01-05,23.6
991,1983-09-19,17.0
2830,1988-10-02,26.2
3077,1989-06-07,17.5
641,1982-10-04,13.8
940,1983-07-30,13.7
2646,1988-04-01,18.1
1119,1984-01-25,20.2
1041,1983-11-08,27.7
3108,1989-07-08,12.6
2178,1986-12-20,18.2
2698,1988-05-23,16.8
2780,1988-08-13,18.9
143,1981-05-24,17.6
128,1981-05-09,13.4
3175,1989-09-13,14.9
599,1982-08-23,22.6
495,1982-05-11,15.1
607,1982-08-31,13.9
1652,1985-07-12,13.3
2112,1986-10-15,18.2
552,1982-07-07,13.7
1406,1984-11-07,28.7
1002,1983-09-30,19.5
2351,1987-06-11,15.8
516,1982-06-01,14.9
1990,1986-06-15,14.2
3579,1990-10-22,16.0
2901,1988-12-12,25.2
1514,1985-02-24,25.2
1596,1985-05-17,15.2
2482,1987-10-20,19.4
1006,1983-10-04,16.6
3009,1989-03-31,17.7
943,1983-08-02,12.3
3426,1990-05-22,14.5
2402,1987-08-01,15.7
213,1981-08-02,12.8
212,1981-08-01,12.9
1052,1983-11-19,16.4
3253,1989-11-30,25.0
1048,1983-11-15,15.6
398,1982-02-03,22.5
1474,1985-01-15,21.1
64,1981-03-06,21.5
3500,1990-08-04,17.2
349,1981-12-16,30.9
1659,1985-07-19,11.8
2086,1986-09-19,16.0
1467,1985-01-08,22.6
1784,1985-11-21,15.7
534,1982-06-19,13.4
1752,1985-10-20,14.2
3078,1989-06-08,16.0
401,1982-02-06,35.1
2472,1987-10-10,15.8
972,1983-08-31,19.2
2761,1988-07-25,13.0
2232,1987-02-12,23.3
225,1981-08-14,12.7
203,1981-07-23,15.1
2223,1987-02-03,21.5
3247,1989-11-24,18.8
935,1983-07-25,14.7
3025,1989-04-16,18.1
3554,1990-09-27,17.1
2580,1988-01-26,25.1
123,1981-05-04,23.2
987,1983-09-15,17.6
3037,1989-04-28,19.9
1679,1985-08-08,12.6
1881,1986-02-26,25.5
2442,1987-09-10,13.6
1489,1985-01-30,34.0
2470,1987-10-08,17.6
2189,1986-12-31,26.0
3360,1990-03-17,30.8
2575,1988-01-21,24.9
3517,1990-08-21,14.4
1252,1984-06-06,20.0
3168,1989-09-06,17.8
3397,1990-04-23,20.8
2320,1987-05-11,22.5
3262,1989-12-09,31.1
1096,1984-01-02,28.1
1195,1984-04-10,25.4
700,1982-12-02,20.1
2992,1989-03-14,18.9
2380,1987-07-10,13.3
1306,1984-07-30,16.0
2675,1988-04-30,25.0
1682,1985-08-11,14.0
2376,1987-07-06,16.2
1120,1984-01-26,19.0
2107,1986-10-10,15.2
1747,1985-10-15,25.7
3281,1989-12-28,19.8
1896,1986-03-13,30.5
2742,1988-07-06,17.3
2924,1989-01-05,21.3
1958,1986-05-14,17.2
2348,1987-06-08,19.3
1861,1986-02-06,21.8
500,1982-05-16,18.6
174,1981-06-24,10.7
3571,1990-10-14,22.6
616,1982-09-09,11.0
3492,1990-07-27,13.5
1887,1986-03-04,21.9
3334,1990-02-19,26.0
1722,1985-09-20,13.5
3479,1990-07-14,14.5
385,1982-01-21,26.5
3631,1990-12-13,21.6
533,1982-06-18,13.8
2918,1988-12-29,21.7
2150,1986-11-22,27.4
2568,1988-01-14,30.8
2015,1986-07-10,12.4
2031,1986-07-26,10.0
3006,1989-03-28,19.3
1073,1983-12-10,24.9
1630,1985-06-20,13.3
1325,1984-08-18,15.1
2170,1986-12-12,17.3
1766,1985-11-03,20.2
89,1981-03-31,25.8
2807,1988-09-09,19.2
1038,1983-11-05,16.7
1744,1985-10-12,16.1
3648,1990-12-30,24.4
1025,1983-10-23,16.8
2079,1986-09-12,15.2
2527,1987-12-04,20.8
884,1983-06-04,16.6
3304,1990-01-20,21.6
3635,1990-12-17,34.4
2938,1989-01-19,22.2
1613,1985-06-03,13.4
3543,1990-09-16,13.4
1277,1984-07-01,10.6
2648,1988-04-03,20.3
1879,1986-02-24,24.0
2180,1986-12-22,17.5
451,1982-03-28,19.1
560,1982-07-15,10.5
2671,1988-04-26,20.7
1740,1985-10-08,20.9
47,1981-02-17,23.0
1385,1984-10-17,14.1
104,1981-04-15,25.2
3484,1990-07-19,15.0
2929,1989-01-10,21.3
2250,1987-03-02,22.1
1471,1985-01-12,30.4
502,1982-05-18,22.1
2328,1987-05-19,14.3
1959,1986-05-15,16.4
412,1982-02-17,27.7
457,1982-04-03,16.5
3322,1990-02-07,29.6
2514,1987-11-21,19.9
496,1982-05-12,15.1
1202,1984-04-17,16.2
137,1981-05-18,13.7
2457,1987-09-25,23.7
1444,1984-12-15,23.7
528,1982-06-13,14.0
515,1982-05-31,12.9
1451,1984-12-22,29.2
3411,1990-05-07,16.2
1528,1985-03-10,33.0
2749,1988-07-13,16.8
2541,1987-12-18,20.7
1926,1986-04-12,18.2
1115,1984-01-21,19.7
772,1983-02-12,21.8
3580,1990-10-23,16.8
1003,1983-10-01,23.4
3004,1989-03-26,20.0
1188,1984-04-03,17.7
2480,1987-10-18,17.6
788,1983-02-28,28.3
2039,1986-08-03,17.6
2417,1987-08-16,11.8
50,1981-02-20,20.8
3129,1989-07-29,19.6
1731,1985-09-29,14.7
3041,1989-05-02,18.5
1814,1985-12-21,21.4
2019,1986-07-14,15.0
3236,1989-11-13,19.2
2287,1987-04-08,17.4
2425,1987-08-24,15.3
1333,1984-08-26,12.4
3482,1990-07-17,18.2
2036,1986-07-31,12.5
1595,1985-05-16,14.9
1479,1985-01-20,18.8
1050,1983-11-17,13.8
3521,1990-08-25,11.6
1561,1985-04-12,32.4
3387,1990-04-13,25.2
1413,1984-11-14,16.3
2701,1988-05-26,18.5
933,1983-07-23,12.2
3400,1990-04-26,16.6
315,1981-11-12,16.3
1105,1984-01-11,21.6
3202,1989-10-10,17.1
244,1981-09-02,15.5
1833,1986-01-09,18.2
3245,1989-11-22,30.3
1241,1984-05-26,18.7
1455,1984-12-26,23.2
2645,1988-03-31,23.4
1280,1984-07-04,13.2
1797,1985-12-04,23.5
1683,1985-08-12,13.7
2782,1988-08-15,19.8
2980,1989-03-02,38.4
190,1981-07-10,13.1
2326,1987-05-17,15.6
365,1982-01-01,26.6
3578,1990-10-21,15.3
1162,1984-03-08,21.0
2551,1987-12-28,18.4
1904,1986-03-21,27.2
467,1982-04-13,27.1
2214,1987-01-25,25.6
854,1983-05-05,17.6
3535,1990-09-08,15.7
499,1982-05-15,18.0
1267,1984-06-21,14.2
1279,1984-07-03,12.6
2310,1987-05-01,20.8
2042,1986-08-06,13.8
3066,1989-05-27,18.5
3624,1990-12-06,33.2
327,1981-11-24,17.4
429,1982-03-06,30.9
625,1982-09-18,15.9
3327,1990-02-12,26.0
536,1982-06-21,10.6
2353,1987-06-13,12.8
3285,1990-01-01,21.6
344,1981-12-11,30.2
1715,1985-09-13,15.3
1144,1984-02-19,31.7
389,1982-01-25,19.0
3555,1990-09-28,17.3
487,1982-05-03,22.5
2421,1987-08-20,13.3
2740,1988-07-04,14.1
2850,1988-10-22,21.2
1558,1985-04-09,22.4
1338,1984-08-31,17.3
844,1983-04-25,18.0
3368,1990-03-25,32.5
11,1981-01-12,30.1
2460,1987-09-28,25.9
1304,1984-07-28,13.0
2706,1988-05-31,18.9
1,1981-01-02,32.4
75,1981-03-17,20.9
1013,1983-10-11,18.2
3542,1990-09-15,14.6
3211,1989-10-19,21.0
1427,1984-11-28,21.8
2197,1987-01-08,17.0
2963,1989-02-13,22.9
3232,1989-11-09,15.8
2818,1988-09-20,20.2
843,1983-04-24,19.8
1865,1986-02-10,21.5
2277,1987-03-29,16.5
1462,1985-01-03,21.7
2990,1989-03-12,26.1
1986,1986-06-11,13.7
2686,1988-05-11,16.7
1268,1984-06-22,15.5
922,1983-07-12,12.4
748,1983-01-19,19.9
153,1981-06-03,16.6
1780,1985-11-17,17.8
866,1983-05-17,16.0
2790,1988-08-23,14.2
3600,1990-11-12,25.5
74,1981-03-16,24.1
2224,1987-02-04,18.8
338,1981-12-05,22.6
